"","cases_19under","pop_19under","temp_mean","precip_mean","X_COORD","Y_COORD","tempxprecip","log_pop_19under"
"1",0,1808,24.1207552823153,180.724305586381,1349187.86557015,1558496.12298788,4359.20674861548,7.49997654095212
"2",0,882,24.2508807182312,134.442071437836,1273030.12515331,1476351.38927633,3260.33863795087,6.78219205600679
"3",0,763,24.7360191345215,136.74492754255,1285768.24402033,1482759.97854677,3382.52514424128,6.63725803128446
"4",0,1544,24.9094609347257,135.580257068981,1278776.59045662,1466218.51271578,3377.23111697984,7.34213173058472
"5",0,6089,25.1104619979858,119.063150787354,1269137.24318833,1456352.71045904,2989.7307232063,8.71423914360857
"6",0,338,25.3893412772041,120.053665161133,1277074.88383936,1451428.00143913,3048.08347635519,5.82304589548302
"7",0,1526,25.31733751297,119.302854537964,1281362.573904,1448802.91439337,3020.43063459839,7.3304052118444
"8",2,4277,25.0017198181152,133.833998413086,1257226.36776542,1458455.09108623,3346.08013046205,8.36100710822691
"9",0,759,24.980475561927,131.807544582252,1263662.46415458,1460929.41001689,3292.61514631456,6.63200177739563
"10",0,472,24.4958277615634,154.396075855602,1257916.37635746,1476543.15337846,3782.0596812201,6.15697898558556
"11",0,12080,24.7655338287354,155.404699707031,1309577.92559374,1514607.71022065,3848.68034773894,9.39930647148881
"12",0,7327,24.8839700872248,152.703815806996,1306150.37944808,1503067.27971464,3799.87718474637,8.89932143415996
"13",0,1558,19.1601231314919,150.361819874157,1256772.74128534,1552313.66349193,2880.95098306405,7.35115822643069
"14",0,392,20.3895645141602,209.309387207031,1270284.48171708,1549543.91166457,4267.72725387709,5.97126183979046
"15",0,126,24.078550974528,181.116780598958,1305886.28051392,1545825.15944263,4361.02963399442,4.83628190695148
"16",0,9547,19.9415770212809,170.53171081543,1274027.62703728,1559278.62033798,3400.6712457967,9.16398224799803
"17",0,55,22.7978170394897,193.571318054199,1269369.41757694,1534849.66287604,4413.00349309251,4.00733318523247
"18",0,3165,24.2068956375122,148.709265136719,1292899.38100869,1499698.55155599,3599.78966149568,8.05990833457828
"19",0,342,20.4859490828081,133.960862593217,1269008.7958538,1586680.25370979,2744.3154101737,5.8348107370626
"20",0,124,19.4241288491457,176.354331706799,1252046.67416974,1533994.05505746,3425.52926217785,4.82028156560504
"21",0,362,20.5142030715942,145.697499593099,1292451.21480766,1592573.23232123,2988.86809367635,5.89164421182577
"22",0,481,21.3659637451172,180.088265991211,1285710.26762696,1560318.57633328,3847.75936208923,6.17586727010576
"23",0,200,24.4889553858521,178.092458743778,1285019.64040484,1509376.59794091,4361.29827673309,5.29831736654804
"24",0,1969,23.8458620071411,173.846133422852,1343494.03177712,1580716.01778332,4145.51090807636,7.58528107863913
"25",0,318,20.0049705505371,135.880667114258,1247529.16510805,1552966.12374813,2718.28874400806,5.76205138278018
"26",0,308,21.1593940734863,141.398599243164,1327651.34043856,1603392.7894962,2991.90868282507,5.73009978297357
"27",0,249,23.591285943985,187.679039001465,1296010.08376031,1551800.83209695,4427.58987477587,5.51745289646471
"28",0,454,20.2507861455282,166.347943623861,1285313.33517414,1569739.90376819,3368.67663207518,6.11809719804135
"29",0,120,20.6931285858154,147.153447469076,1325423.26978027,1594181.09837992,3045.06521032362,4.78749174278205
"30",0,161,24.5461050936985,146.372618230214,1270343.67240894,1503644.14859994,3592.87766991865,5.08140436498446
"31",0,4518,24.6462256908417,154.904142379761,1300411.56748474,1519395.76357361,3817.80245353786,8.41582469702795
"32",0,489,20.65256690979,127.306922912598,1288892.17287989,1599718.91978813,2629.21474353191,6.19236248947487
"33",0,875,22.7567274570465,147.194772720337,1317600.43473615,1579350.07266655,3349.67132589861,6.77422388635761
"34",0,277,24.8363451066429,156.178017424583,1302348.64716461,1507228.85998099,3878.89113882824,5.62401750618734
"35",0,3135,24.3798173268636,159.843495686849,1295092.63451829,1520433.26138464,3896.95522573269,8.05038445306702
"36",0,929,20.326583480835,160.594500732422,1291653.68053275,1583326.37856084,3264.33752570058,6.83410873881384
"37",0,1120,23.9854007720947,175.944100952148,1346738.8811301,1571676.35579813,4220.08977482317,7.02108396428914
"38",0,822,20.365870475769,139.341952514648,1278333.47591482,1595555.74605627,2837.82015675409,6.71174039505618
"39",0,123,20.0500157096169,153.823484940962,1303460.0152514,1588283.65344609,3084.16328957432,4.81218435537242
"40",0,10258,23.8558573913574,180.290280151367,1286917.11743527,1534316.45233327,4300.97921233889,9.23581316794921
"41",0,64,19.774787902832,180.354290008545,1259159.42975176,1541984.73426344,3566.46783228483,4.15888308335967
"42",0,168,22.7690337498983,144.109583536784,1310832.72888205,1578171.39734762,3281.23597123282,5.12396397940326
"43",0,1269,23.493465423584,150.655130004883,1304677.49195779,1570461.11787868,3539.41108765526,7.14598446771439
"44",0,288,23.6401632097032,204.437037150065,1320187.6004739,1549190.89811685,4832.9249243357,5.66296048013595
"45",1,11476,24.0597558123,169.180936123462,1273110.32014386,1507066.12770426,4070.45201122683,9.34801317710126
"46",1,1569,19.6996446956288,180.658509687944,1251087.38926465,1534628.95928559,3558.9084520943,7.35819375273303
"47",0,4933,23.9681649208069,182.001050949097,1324642.66470737,1561583.32849455,4362.23120490813,8.50370260123374
"48",0,1,19.5652442311126,187.294343858166,1255427.76545858,1534615.83653572,3664.45958069101,0
"49",0,124,20.7758674621582,132.505249023438,1298773.49481898,1599274.51201198,2752.91149175121,4.82028156560504
"50",0,543,23.4004055023193,168.889750671387,1297935.18608749,1562297.37893924,3952.08865089606,6.29710931993394
"51",0,1,24.6991672515869,162.901672363281,1297791.86689854,1506634.83304965,4023.5356512639,0
"52",0,121,24.7679425441009,148.251547320203,1300610.22671636,1513385.14022769,3671.88580610085,4.79579054559674
"53",0,58,21.6938776221345,155.736138872276,1328225.29243868,1589429.28495527,3378.5207380389,4.06044301054642
"54",0,496,23.869441986084,181.166000366211,1331057.32637582,1569284.07943256,4324.33133559214,6.20657592672493
"55",0,876,24.0229315076556,191.408551897321,1337890.0167474,1566931.95034196,4598.19453220889,6.77536609093639
"56",0,12,24.5747659721418,179.773207400016,1292291.20747683,1509364.50980857,4417.8844999167,2.484906649788
"57",0,1,20.5875466968889,141.6825938321,1297301.53536045,1593273.95844222,2916.8970166547,0
"58",0,1440,20.693948507309,143.980438232422,1313746.78743356,1598410.82691257,2979.52377484152,7.27239839257005
"59",0,751,23.6781129837036,171.677665710449,1341295.41568455,1582594.67426676,4065.00316547052,6.62140565176413
"60",0,577,20.7969711303711,116.613665771484,1255873.9580625,1561536.40661067,2425.2110404563,6.3578422665081
"61",0,339,23.282377243042,156.706964111328,1335403.75446906,1588463.92753265,3648.51065505178,5.82600010738045
"62",0,342,19.5546455383301,148.945519583566,1274465.42391356,1572934.85768311,2912.57683997903,5.8348107370626
"63",0,403,23.1740028858185,158.349996566772,1324821.30508005,1582115.90933019,3669.60327740773,5.99893656194668
"64",0,965,24.1913509368896,195.554284232003,1339634.759646,1549989.41633252,4730.72231706866,6.87212810133899
"65",0,2271,24.2522587776184,178.340625762939,1288406.19961981,1506751.5368701,4325.16300656521,7.72797554210556
"66",0,679,20.4413380622864,125.613084793091,1259875.42461714,1564470.031733,2567.69953130221,6.5206211275587
"67",0,376,20.2807335853577,145.541831970215,1277696.43322692,1588252.28916649,2951.69511971282,5.92958914338989
"68",1,1352,20.161736647288,164.158028920492,1286467.22625248,1577786.17060841,3309.71094763284,7.20934025660291
"69",0,3620,24.0705096504905,190.404241388494,1317755.70178716,1557120.30304253,4583.12712983608,8.19422930481982
"70",0,499,20.0105335235596,121.446064758301,1263788.32610579,1572285.82857161,2430.20055015036,6.21260609575152
"71",0,1218,23.1528790791829,96.0777231852214,1194182.54129409,1489838.453201,2224.47590711064,7.10496544826984
"72",1,58,22.4821001688639,122.111834208171,1110907.7421732,1443240.88801603,2745.3304884718,4.06044301054642
"73",1,5083,22.3229002952576,155.095748901367,1204175.79636177,1463839.45001492,3462.18693894352,8.5336569174469
"74",1,1364,20.0070910983615,149.304491678874,1231624.66630496,1533454.30744941,2987.14856641379,7.21817683840341
"75",1,42,19.3654123942057,152.12722269694,1161066.81990091,1450551.52306689,2946.00640391142,3.73766961828337
"76",0,20,19.9445386614118,196.093784877232,1181445.13561132,1438937.91330342,3911.00007374653,2.99573227355399
"77",1,605,20.5866985321045,143.329019546509,1214272.74478814,1499229.96696288,2950.67131630609,6.40522845803084
"78",6,2081,21.0098203420639,180.738018989563,1227304.5268304,1482271.76635175,3797.27330795125,7.64060382639363
"79",4,3306,21.4432402716743,231.274854024251,1191242.22614793,1429266.31546821,4959.28226363841,8.10349427838097
"80",1,2026,21.7622304396196,125.025235262784,1122273.97659214,1442051.80557277,2720.82798055636,7.61381868480863
"81",1,3540,19.8640051621657,154.212631812462,1221062.21302994,1513124.64384925,3063.28051439391,8.17188200612782
"82",1,5719,21.740139874545,135.616803949529,1190885.76731703,1467546.6528909,2948.32828720152,8.65154924391532
"83",1,4019,19.9568877410889,136.217220458984,1178771.14058651,1457181.03675052,2718.4717771031,8.2987883944492
"84",1,279,19.802500406901,200.514780680339,1163501.93084272,1413894.8562756,3970.69402601208,5.63121178182137
"85",0,105,21.2714757919312,223.268249511719,1203509.98062782,1430197.7417909,4749.24516459537,4.65396035015752
"86",2,2127,20.1423949241638,136.302561187744,1123006.70343304,1460522.22916006,2745.46001661855,7.66246781520024
"87",0,24,22.5626420974731,214.561164855957,1233242.81230126,1464019.77266883,4841.06677066189,3.17805383034795
"88",2,2049,20.5040656725566,114.578612009684,1169539.0677505,1478277.78557619,2349.32738531694,7.6251071482389
"89",0,1288,25.0228008270264,128.492567443848,1247395.06874398,1444200.64877779,3215.24392290065,7.1608459066643
"90",1,3727,20.5513202667236,134.328933207194,1157916.45704417,1436453.31061792,2760.63692742837,8.22335889947926
"91",0,10,22.6216643180789,126.14203034184,1143738.89170612,1445684.42942581,2853.54266679402,2.30258509299405
"92",0,1371,22.6958840550283,180.610656738281,1220770.59545589,1445745.30063206,4099.11852443455,7.22329567956231
"93",0,615,22.426048940525,189.34700936427,1203639.4322914,1447551.0426921,4246.30529874516,6.42162226780652
"94",0,2128,22.09323387146,149.469662475586,1220557.59599552,1473523.81071818,3302.2682097613,7.66293785046154
"95",0,1743,22.4857343037923,183.878326416016,1224185.77276019,1447037.79518815,4134.63919201652,7.46336304552002
"96",1,4131,22.5074935913086,162.911968994141,1213850.80572257,1463371.49484308,3666.74009808308,8.32627478739676
"97",0,8,22.4071916478402,119.082413834188,1096458.13454831,1446092.73049271,2668.30246867007,2.07944154167984
"98",1,6049,21.6340282180093,140.435962156816,1132148.11436102,1422226.8839686,3038.19556812384,8.70764824810691
"99",0,9,21.0321410543235,176.054337067683,1223832.72415374,1468056.96195013,3702.79965043293,2.19722457733622
"100",0,95,19.7847637176514,154.637469482422,1162804.4934687,1426127.61265147,3059.46579560524,4.55387689160054
"101",2,3669,22.1827969021267,197.133814493815,1209823.50563828,1443032.10101894,4372.97936945783,8.20767442435528
"102",1,74,20.9057518005371,119.380888366699,1218804.17177062,1531337.57825263,2495.74722192184,4.30406509320417
"103",0,404,20.2563870747884,196.906330362956,1153182.06356085,1411908.74972631,3988.61084530819,6.00141487796115
"104",0,620,21.6804949442546,198.074803670247,1197864.56464881,1455232.27503343,4294.35977955701,6.42971947803914
"105",0,392,21.0107941627502,132.677384376526,1169477.84226968,1498030.59411032,2787.65721318728,5.97126183979046
"106",0,102,21.2532227037636,109.62164169593,1167578.51112963,1465735.0312187,2329.81316411577,4.62497281328427
"107",0,471,24.2862960270473,195.437305995396,1240152.81238985,1468801.77477642,4746.44826813282,6.15485809401642
"108",2,648,20.9052838219537,241.239317152235,1177462.58540654,1424923.8813395,5043.17639408177,6.47389069635227
"109",4,2719,21.7893422842026,119.623321533203,1184371.3528101,1482735.16077469,2606.51349806018,7.90801944463247
"110",0,1,21.3365237746874,206.129040724003,1240175.68173617,1511811.09136364,4398.07717806119,0
"111",1,507,19.1214603424072,132.439532470703,1154690.57566925,1461741.29961899,2532.4372679055,6.22851100359118
"112",1,7591,23.0759335595208,204.880828857422,1247756.10837054,1498226.98886543,4727.81639433342,8.93471861401677
"113",0,1916,22.1244302407289,127.911684672038,1186321.27138156,1507530.33165267,2829.97314450061,7.55799495853081
"114",0,2381,21.4706156594413,129.107750483922,1202708.20026171,1510426.72180307,2772.02288929532,7.77527584648686
"115",0,950,24.4932927351732,165.500895573543,1240791.73262389,1455501.67607148,4053.6618832161,6.85646198459459
"116",0,6,20.313244863308,196.850155715805,1225377.82828887,1487782.73471647,3998.66541443545,1.79175946922805
"117",0,1716,22.461487197876,185.924465942383,1204283.08881321,1454865.85207326,4176.14001153676,7.44775128004791
"118",0,1263,24.0320024490356,172.096988677979,1259546.67110237,1497731.5387845,4135.83525338084,7.14124512235049
"119",1,1251,22.3977840968541,204.14950125558,1235418.0083936,1487812.23766188,4572.49645260293,7.13169851046691
"120",0,425,21.5828566551208,179.124183654785,1133733.25427848,1406117.14537706,3866.01157928677,6.05208916892442
"121",0,245,22.1998570381827,190.715667322997,1203272.27442712,1439564.37709713,4233.86054951214,5.50125821054473
"122",0,1429,21.4819003740946,206.56245803833,1194377.88071168,1444514.76531638,4437.35414460751,7.26473017792987
"123",0,1867,21.7995309375581,140.062027159191,1091295.76982899,1434941.74216664,3053.2864942339,7.53208814354172
"124",2,227,21.1723721822103,235.386662801107,1185530.29583099,1424597.34031819,4983.69403155347,5.4249500174814
"125",1,538,23.3329792022705,171.363935470581,1230690.20605718,1443835.53944914,3998.43114235429,6.28785856016178
"126",1,32,21.043450491769,218.369216918945,1171873.16103863,1417131.91964993,4595.24180516019,3.46573590279973
"127",1,77,20.9151229858398,193.055221557617,1143907.18766076,1405357.31487484,4037.77370193612,4.34380542185368
"128",0,1680,20.8304927132346,178.419168645685,1241882.69100403,1519677.03672156,3716.55919237533,7.4265490723973
"129",1,2180,21.7898716926575,147.24979019165,1216309.20260853,1482946.25460645,3208.55403504679,7.68708015578313
"130",6,3852,21.1735150954303,131.602569580078,1148909.33553885,1444042.90481475,2786.4889936012,8.25634777291802
"131",0,112,20.7279970169067,151.990849304199,1112640.44513533,1423226.59834292,3150.46587097456,4.71849887129509
"132",0,813,24.6942636701796,137.407389322917,1245224.08536546,1444064.62965375,3393.17430217112,6.70073110954781
"133",1,327,20.0431171417236,162.546733093262,1167465.99076575,1434524.30631397,3257.94321239273,5.78996017089725
"134",0,1441,19.8476590781376,125.594751818427,1155240.86741432,1477727.51048369,2492.76181609544,7.27309259599952
"135",3,4204,20.0964295069377,130.349679311117,1166624.78961907,1458548.44382118,2619.56314152778,8.34379173199684
"136",1,4450,22.4468536376953,114.997434997559,1204295.5533948,1493811.45738633,2581.33059210058,8.40065937516029
"137",0,1346,21.7607724931505,130.441964043511,1138526.49135694,1448511.35826722,2838.51790311057,7.20489251020467
"138",0,712,22.1098692417145,208.200603485107,1215155.85099543,1435703.2057606,4603.28811910177,6.56807791141198
"139",0,2702,22.4428672790527,182.109664916992,1211510.63632712,1452866.21252462,4087.06303996482,7.90174751852014
"140",1,8027,22.0984848870171,188.762759738498,1223427.48853561,1458666.29306919,4171.37099331285,8.99056613813158
"141",2,2120,23.4405682481612,124.372757945959,1203313.74700499,1478574.21071027,2915.36812084427,7.65917136766606
"142",0,6624,22.6755390167236,136.856330871582,1207700.18598721,1471855.94480514,3103.2910703642,8.79845469606509
"143",1,4695,22.7897176742554,121.093542098999,1202174.89147367,1484485.81624375,2759.68763661174,8.45425339164236
"144",2,3663,23.2371070861816,128.616102600098,1209973.94944542,1481883.8657037,2988.66614912579,8.20603776277881
"145",3,9609,22.7050533294678,128.306888580322,1198696.18926171,1475322.82610823,2913.2147477543,9.17045543827727
"146",0,1063,22.0181837948886,157.685351285067,1097940.83258296,1419866.50649402,3471.94504635619,6.96885037834195
"147",0,372,22.9373176574707,127.258332824707,1086814.11133342,1398549.87112257,2918.96480456044,5.91889385427315
"148",0,1747,21.6300228118896,147.906566874186,1106642.20174128,1405259.13830488,3199.22241551693,7.46565531013406
"149",0,721,22.5873282750448,143.729749043783,1086316.27447725,1414062.56425314,3246.47102454172,6.58063913728495
"150",0,3087,23.0260854037303,136.385752120108,1069686.01142073,1406952.5013399,3140.4299761696,8.03495502450216
"151",0,127,22.9488086700439,134.93383026123,1091991.70013287,1396521.69207482,3096.57065378116,4.84418708645859
"152",0,422,23.7471837997437,149.856506347656,1045566.18610894,1387443.65657489,3558.66999982524,6.04500531403601
"153",0,83,25.7599708840094,131.837794169826,1017299.08498289,1385154.0883374,3396.13773922674,4.4188406077966
"154",0,1229,25.8370946248372,129.274831136068,991531.509675699,1385602.92879229,3340.08604467244,7.11395610956603
"155",0,5945,25.053748217496,132.765591361306,1019907.19509608,1437104.05378834,3326.27569791312,8.69030580912488
"156",0,1112,24.9285806020101,130.685500250922,1025254.48257056,1406908.95791607,3257.80402651913,7.01391547481053
"157",0,597,25.4395078931536,118.593357631138,989218.886476211,1423027.48853984,3016.95665753293,6.3919171133926
"158",0,629,25.331075668335,119.844083150228,1012391.80470582,1421059.69098859,3035.77953868065,6.44413125670044
"159",0,801,25.4045548439026,116.655833244324,1010008.07237219,1415862.95466937,2963.58951351658,6.68586094706836
"160",0,7514,25.5598174503871,116.595070975167,999083.063546715,1396338.96470733,2980.14872974021,8.92452322613391
"161",0,9252,25.2978189256456,117.503221299913,1001855.0908929,1411100.25223561,2972.57521562527,9.13259502335133
"162",0,697,25.964916229248,129.735992431641,988216.232852418,1389070.50222449,3368.58417540591,6.54678541076052
"163",0,584,23.6171720944918,148.768998366136,1043073.42134987,1393750.03710484,3513.5030367382,6.36990098282823
"164",0,5574,24.5760756598579,113.155907948812,986261.418202983,1440127.24843913,2780.92815510991,8.62586820804189
"165",0,1854,25.1170936766125,116.412818182082,1003565.94721337,1441388.81844585,2923.95165943782,7.5251007461258
"166",0,7581,25.4884256362915,118.68090057373,1008394.83264616,1396955.2203376,3024.98930872163,8.9334003960563
"167",0,311,25.2630758285522,124.283668518066,1025116.9765313,1415969.26141248,3139.78774202256,5.73979291217923
"168",0,62,23.819431251211,141.220477416339,1048346.24510328,1395458.49723619,3363.79145308168,4.12713438504509
"169",0,2656,24.1909762110029,122.30536869594,952240.238405971,1427241.07338456,2958.68626460143,7.88457651059632
"170",0,1219,24.9830171585083,140.043265533447,1036675.92682388,1433686.47914722,3498.70330575565,7.10578612948127
"171",0,1588,24.9994342803955,137.828999328613,1031123.81422063,1424514.34836539,3445.64701064834,7.37023064180708
"172",0,560,23.785315407647,123.793482462565,989105.645902748,1450804.47478539,2944.46702578313,6.32793678372919
"173",0,94,24.01686668396,148.52522277832,1048978.13314216,1407730.29508523,3567.11047467237,4.54329478227
"174",0,1028,25.4063877105713,122.862966918945,995473.579115743,1418529.22772508,3121.50417281382,6.93537044601511
"175",0,264,23.3900171007429,119.018501281738,995185.348461461,1473127.65973734,2783.84478028465,5.57594910314632
"176",0,558,23.7882342338562,120.157721837362,969263.074275655,1429287.99669787,2858.3400320737,6.32435896238131
"177",0,2280,25.9811954498291,129.773144313267,983221.13241543,1407260.52922585,3371.66142654188,7.73193072194849
"178",0,9551,26.0703601837158,144.85190473284,972534.591234148,1400995.01894175,3776.34132968244,9.16440114003474
"179",0,525,25.5965570347612,122.859329223633,961918.496828211,1380131.45236444,3144.77582772522,6.26339826259162
"180",0,122,26.5017832023201,127.79068152432,968695.776059943,1392870.59916404,3386.68093703426,4.80402104473326
"181",0,1196,25.5510135650635,122.798867797852,993181.622576502,1398168.21461899,3137.63553687734,7.08673793451058
"182",0,4269,24.9936633390539,131.189049664666,1045561.60317072,1447173.32791797,3278.89494108907,8.35913488675796
"183",0,146,25.2112503051758,120.898126602173,1023343.20861128,1397512.20028825,3047.99293119421,4.98360662170834
"184",0,825,25.3128129641215,124.912250518799,1019989.35042757,1391045.37787926,3161.88043430984,6.71538338633468
"185",0,9767,25.9481903076172,133.888864898682,987043.398367476,1396621.26197778,3474.17374646184,9.18676463544748
"186",0,2020,23.5871238284641,120.721455552843,965846.775796203,1452107.63103466,2847.47192087733,7.61085279039525
"187",0,138,24.6359971364339,142.052799479167,1037772.15431718,1412066.42460758,3499.61236119117,4.92725368515721
"188",0,1032,25.1666072845459,129.358484649658,1015614.97398941,1427429.41929247,3255.51418210191,6.93925394604151
"189",0,693,25.0235767364502,118.943048749651,979085.052340953,1427169.98548377,2976.38050765423,6.5410299991899
"190",0,4426,24.0181571960449,125.536517333984,960328.13049557,1404490.99886972,3015.15580717165,8.39525152061099
"191",0,6221,24.7191938824124,127.767740461561,974053.936743586,1415246.49484318,3158.31554838708,8.73568594451502
"192",0,2040,23.961229407269,118.326223622198,995522.159233377,1461827.21583976,2835.24178910729,7.62070508683826
"193",0,2336,23.5762694754252,151.52380185011,1058087.2286652,1429890.59248824,3572.36598435911,7.75619534394812
"194",0,341,23.7278842926025,143.117670694987,1050359.54639307,1401370.6412532,3395.87953047744,5.83188247728352
"195",0,1,24.5736727797382,109.070115131834,948163.308980133,1379428.29029728,2680.25331929806,0
"196",0,710,26.417874432296,113.858919690465,964503.79179934,1386310.22447872,3007.91064337957,6.56526497003536
"197",0,2796,26.474983215332,126.905502319336,966383.583681162,1386611.31962698,3359.8210438377,7.9359451033537
"198",0,2742,26.3309533239276,125.863376992238,968538.096178685,1384679.08652099,3314.10270477452,7.91644286012226
"199",0,3245,24.9947805404663,113.487650299072,955647.235757993,1393276.83606355,2836.5989132785,8.08487062913819
"200",0,3705,26.4951505661011,130.099582672119,970476.525724984,1389885.63500693,3447.00803148471,8.21743853773019
"201",0,4027,26.3701135638492,131.696596657046,967414.789311604,1381599.81371119,3472.85420981873,8.30077696085145
"202",0,269,26.3692191734734,117.795967223379,964998.847258121,1384526.04086562,3106.18767746457,5.59471137960184
"203",0,695,25.582709661098,122.705445322599,962445.623915437,1380948.9500231,3139.1377815238,6.54391184556479
"204",0,1305,25.885857569978,126.481060906058,965237.254872239,1381346.05603494,3274.07072791392,7.17395831975679
"205",0,4145,26.4166059876916,123.386093237179,972426.834743771,1384934.73663407,3259.44180940713,8.3296580675694
"206",0,4503,26.4346837997437,117.800998687744,973068.82534418,1381725.84769062,3114.03215160453,8.41249912030157
"207",0,4590,25.3618087768555,130.69849395752,966753.953846402,1395645.44214015,3314.75021117361,8.43163530305459
"208",0,3431,26.3308118184408,142.737889607747,978045.647524691,1393680.04764192,3758.40451062297,8.14060704285845
"209",0,1530,24.9223106929234,109.738975524902,955428.28466574,1384587.2268321,2734.94884315473,7.33302301438648
"210",0,11701,26.4973873138428,132.898236083984,979334.250494478,1386015.29484265,3521.45603484385,9.36742958721896
"211",1,8399,23.6204229990641,118.782890319824,1212696.22690117,1562945.98827802,2805.70211440569,9.03586793012563
"212",1,6872,23.1509065628052,120.956414540609,1207585.20535188,1558914.62328266,2800.25065120156,8.83521046366409
"213",0,1229,23.3455848693848,120.744499206543,1208935.37184706,1559306.00264439,2818.85095373771,7.11395610956603
"214",0,4921,23.8046569824219,111.972166442871,1199902.31717309,1568953.45995731,2665.4590137512,8.50126704086598
"215",0,1178,23.8038204193115,94.7996017456055,1176416.56746525,1546208.3750062,2256.59269577464,7.07157336421153
"216",0,2845,23.7775501675076,113.718944973416,1204795.47838222,1584797.82846931,2703.95791910143,7.95331834656043
"217",0,3472,23.334601835771,122.986182472923,1220279.20929246,1579582.24008954,2869.83359930713,8.15248607578024
"218",0,8121,23.2926703366366,128.042317130349,1228516.34352941,1590497.7308299,2982.4474820563,9.00220857828241
"219",1,721,21.6648026516563,111.434683950324,1242795.23037552,1567578.94923452,2414.21043633346,6.58063913728495
"220",0,1861,23.1038233041763,118.602032184601,1184474.39015254,1544392.52844595,2740.16039510925,7.52886925664225
"221",0,3010,23.7220272064209,94.0483818054199,1173673.45579191,1580493.14385085,2231.01827190803,8.00969535774292
"222",1,6945,22.4290503451699,118.475498400236,1227981.02680648,1570472.44370065,2657.292918288,8.84577725518844
"223",0,1041,23.899336381876,102.420732393878,1178841.75027625,1584628.76897009,2447.78753595939,6.94793706861497
"224",0,2796,21.6597531182425,129.022010258266,1203960.58726686,1536316.97330446,2794.5848890134,7.9359451033537
"225",0,446,23.4722064971924,113.613430786133,1184179.34378148,1566966.17758806,2666.75790826658,6.10031895202006
"226",1,239,20.9754474639893,144.793936157227,1196403.65994799,1525406.25547593,3037.11760097012,5.47646355193151
"227",0,755,21.1955630779266,118.794249534607,1228374.62156602,1557894.79392989,2517.91100930572,6.62671774924902
"228",0,5839,23.3730133904351,111.682332780626,1198126.35198413,1555456.0256359,2610.3526595566,8.67231482828354
"229",0,8523,23.9966037750244,107.835816192627,1187189.81498908,1582032.32637334,2587.69335393083,9.0505236705223
"230",0,2592,24.0367836952209,110.973833084106,1195954.70295216,1575963.90190119,2667.45402167222,7.86018505747217
"231",0,5838,23.9915167490641,108.492693583171,1193270.64209744,1580897.22101767,2602.90427525172,8.67214355141406
"232",0,1281,23.9709500797161,106.260961663171,1186423.11814129,1587594.88658836,2547.17620745049,7.15539630189673
"233",0,32,20.7752888997396,114.402722676595,1260849.34663731,1597970.35653506,2376.74961452305,3.46573590279973
"234",0,1386,23.6088006973267,105.033950805664,1186821.15101384,1550897.96413411,2479.72561102374,7.23417717974985
"235",0,208,23.6388339996338,117.618003845215,1215614.86211377,1560199.18006306,2780.35246826532,5.33753807970132
"236",0,2580,21.2343271255493,125.054065704346,1254385.67077441,1583216.82924341,2655.43893954601,7.85554467791566
"237",0,1773,23.9030838012695,118.19820098877,1208534.47661072,1575175.59530991,2825.30150339386,7.48042830607421
"238",1,739,19.6526635033744,137.479988098145,1234639.48562408,1550113.15897245,2701.84794454075,6.6052979209482
"239",0,80,21.1012732982635,124.802248954773,1247538.40777147,1592660.56343001,2633.48636343259,4.38202663467388
"240",0,903,23.6409784952799,108.798667907715,1192843.45441111,1551366.97013776,2572.10696832139,6.80572255341699
"241",0,196,20.4977105172173,121.007361334847,1261702.92233104,1574679.79507721,2480.373863094,5.27811465923052
"242",0,704,21.3400027751923,128.573064804077,1216378.45977539,1547212.12941686,2743.74955973398,6.55677835615804
"243",0,423,23.7329228719076,111.849662780762,1215640.43482044,1569775.80439192,2654.51942002469,6.04737217904628
"244",0,1994,25.3347117461363,124.928345992649,1073498.91693011,1483612.44606447,3165.02363464535,7.59789795052178
"245",0,1017,23.9464260737101,123.3125,1065165.67549281,1531629.43655489,2952.89366521438,6.92461239604856
"246",1,1033,24.4268788231744,88.3019061618381,1123250.58833467,1549878.60507109,2156.93996167053,6.94022246911964
"247",0,1048,24.5649406433105,107.712600708008,1096492.39033383,1528812.04828142,2645.95364292882,6.95463886488099
"248",0,245,22.7788618527926,140.388770470252,1038890.64313818,1520370.71571234,3197.89640822529,5.50125821054473
"249",0,1320,24.3125069141388,104.335686683655,1150075.03916335,1548759.03185831,2536.66210388778,7.18538701558042
"250",0,228,24.5096538543701,94.1064361572266,1144585.79042807,1526499.65244486,2306.516175682,5.42934562895444
"251",0,1036,23.1770839691162,134.003197479248,1043138.25827244,1533142.66790493,3105.80336010659,6.94312242281943
"252",0,127,23.6187408447266,110.430732727051,1065033.97976006,1568261.29991066,2608.23485757348,4.84418708645859
"253",1,6079,24.8644325549786,128.543485788199,1052929.76302543,1515472.68268701,3196.16083276251,8.71259548774872
"254",0,112,24.1559473539105,127.261541813078,1030976.45066164,1504032.93638317,3074.12310421421,4.71849887129509
"255",3,3480,24.6421909332275,113.993594578334,1084328.48077292,1523122.08601024,2809.05192276424,8.15478757276852
"256",0,1292,22.5299280340021,135.86142245206,1140038.01086983,1493715.19878055,3060.94807044207,7.16394668434255
"257",0,209,22.9134132862091,126.175312995911,996880.437838513,1493003.67914468,2891.10709319209,5.34233425196481
"258",0,427,23.7345590591431,110.764083862305,1088527.08081441,1570314.40383001,2628.93669006175,6.05678401322862
"259",1,3723,24.689167926186,90.6631590190687,1122701.02158115,1513042.47402712,2238.39795774029,8.22228507387272
"260",0,432,22.9488938649495,124.991822814941,992174.152480442,1519984.53952765,2868.42407576667,6.06842558824411
"261",0,627,22.7157229317559,125.479841444227,1158915.85349878,1505633.67601266,2850.36531176773,6.44094654063292
"262",0,496,23.6624530156453,116.003416697184,1059089.82110352,1563092.8440703,2744.92539725145,6.20657592672493
"263",0,13,23.5663387144348,111.051289079422,1063533.11553424,1569784.77928773,2617.07229312027,2.56494935746154
"264",0,138,22.9920433892144,103.054388258192,1148714.83649886,1578288.56369457,2369.4309662813,4.92725368515721
"265",0,1,23.1773014068604,130.207992553711,1009138.05418629,1535916.95806696,3017.86988899959,0
"266",0,1,23.1471458741049,134.436166328211,1002855.72208082,1538410.16847068,3111.81355275453,0
"267",0,1072,25.2493740081787,109.62603302002,1062043.49086547,1478091.87653853,2767.98870875542,6.97728134163075
"268",0,869,19.8121385881978,138.430253551852,1120443.4852475,1475865.92947598,2742.59936816866,6.76734312526539
"269",0,1587,25.0725337134467,129.504442003038,1057730.42302818,1468261.42595924,3247.00448816228,7.36960072052641
"270",0,5557,23.4870469064424,109.412430271958,1169449.23156296,1527193.29841409,2569.77488194533,8.62281367327992
"271",0,4001,23.9806901028282,96.9752357884457,1168858.99589973,1551052.90431882,2325.53307709141,8.29429960885724
"272",0,3309,24.3308309667251,113.218950608197,1024342.83022807,1494884.01230686,2754.71114947804,8.10440130792161
"273",1,1257,23.3888211250305,113.344562530518,1100420.32495326,1574442.51840995,2650.99569852111,7.13648320859025
"274",0,149,21.4886337280273,124.48826751709,1151803.3762626,1497203.34433241,2675.08278411143,5.00394630594546
"275",1,1008,24.4563146318708,117.168594360352,1064451.69396325,1520465.84994068,2865.5120086508,6.91572344863131
"276",0,788,23.1002670923869,128.782112121582,1016390.82462244,1547455.05958317,2974.90118673026,6.66949808985788
"277",0,769,22.7648805317126,132.004955894069,1029029.8848266,1535361.26739129,3005.07705052246,6.64509096950564
"278",0,2429,23.9050304412842,126.263600158691,1052282.71087657,1538266.33566826,3018.33520541965,7.79523492900217
"279",5,3772,24.6126043796539,95.5566892623901,1115087.15805007,1524452.62989577,2351.89898864473,8.23536064375335
"280",0,435,23.4635920524597,110.243455886841,1050256.25993058,1569030.79150613,2586.70747538217,6.07534603108868
"281",0,3224,24.8225316267747,120.486319908729,1027852.51026668,1481268.38320602,2990.77548652812,8.07837810362652
"282",0,2445,25.0480640411377,102.066233825684,1103688.18792225,1507473.53601866,2556.56156130346,7.80180040190897
"283",0,164,23.5142416954041,107.361665725708,1143312.18183535,1580756.81275516,2524.52815669548,5.0998664278242
"284",0,3730,23.7521130105724,118.021847600522,1057179.09518377,1549914.12766354,2803.26826192415,8.22416351263786
"285",0,1047,23.8774574279785,134.714767456055,1052422.27157551,1528821.12778673,3216.64612485197,6.95368421087054
"286",0,526,23.0704288482666,116.570825485956,1010281.84797841,1516251.8587521,2689.33893515745,6.26530121273771
"287",0,4255,25.1576006147597,114.526573181152,1043303.37527445,1484828.88763359,2881.21378786848,8.35585004100747
"288",0,3026,25.231214205424,126.161195119222,1052773.61462726,1480309.40717613,3183.20013846538,8.0149968943483
"289",0,2964,25.1777748694787,134.686627314641,1041403.25932147,1472584.36630275,3391.10958045741,7.99429498641598
"290",0,2838,25.306067276001,117.431300354004,1067055.17283359,1486582.31030231,2971.7243870667,7.95085485771999
"291",0,694,24.2998973846436,106.480665588379,1087642.30008785,1532512.84625263,2587.46924724615,6.5424719605068
"292",0,6750,25.0472595908425,121.620970292525,1066330.02712629,1468866.59022171,3046.27201460702,8.81729778386658
"293",0,6438,24.4857412065778,130.22376196725,1075852.24002855,1470057.82608992,3188.62533447709,8.76997321185875
"294",0,6553,25.1591205596924,124.273165893555,1081649.31343182,1484470.30431768,3126.60356305059,8.7876782390395
"295",3,605,24.9709116617839,117.134165445964,1092468.48865763,1519082.45361111,2924.94689792793,6.40522845803084
"296",4,2962,24.1256838578444,102.514961242676,1080840.6446045,1537124.53492511,2473.24354563997,7.99361999482774
"297",0,655,24.5105671882629,101.265293121338,1152243.15099171,1534732.89864143,2482.06977088969,6.48463523563525
"298",0,618,24.6017223993937,99.3251393636068,1145953.62061717,1536752.63748682,2443.56950590455,6.42648845745769
"299",0,837,24.1484067440033,93.9895210266113,1133474.31085225,1554925.91222169,2269.69718342466,6.72982407048948
"300",2,5103,24.4635283152262,102.948944091797,1131656.40579576,1534429.60283292,2518.49440881232,8.53758388106397
"301",1,8621,24.7003895441691,93.3619435628255,1124913.50542664,1540264.53590409,2306.07637460252,9.06195636620992
"302",0,948,24.3399836222331,96.8980547587077,1157393.8347144,1538996.56695159,2358.49706585319,6.85435450225502
"303",0,162,23.1864204406738,129.06513671875,1042747.57355584,1565818.38339146,2992.55852419399,5.08759633523238
"304",2,1844,24.7370840072632,103.335916137695,1106354.19211819,1520576.63647948,2556.22923846567,7.51969240411654
"305",3,5204,24.1162376403809,104.183658599854,1140875.00935657,1513121.35566641,2512.51786903838,8.5571828396324
"306",2,1792,23.6876172285814,103.968755281889,1091435.82777087,1555737.0095119,2462.77207884942,7.49108759353488
"307",0,1070,24.7991684807671,121.095759921604,1022853.86665864,1450753.33682333,3003.07415260238,6.97541392745595
"308",0,233,24.0455712695697,135.78467014675,1060347.50267169,1527541.57910625,3265.01996332868,5.4510384535657
"309",0,412,23.8727672576904,118.37329864502,1014832.5955055,1499712.65871177,2825.89820807763,6.02102334934953
"310",0,7715,25.1032185187707,112.781680180476,1043807.50560656,1499118.31226019,2831.1831624846,8.95092176479726
"311",0,2383,23.8316518465678,136.165514628092,1035580.17021453,1508734.21328209,3245.04913812543,7.77611547709874
"312",1,2420,23.1201870658181,128.934552626176,1013907.48370064,1556897.75071897,2980.99097596476,7.79152281915073
"313",0,740,24.2896862030029,104.950262887137,1153209.66673377,1518703.69492451,2549.20895245123,6.60665018619822
"314",0,176,22.1375491780087,142.549540163572,1027908.18952386,1512891.77293431,3155.6974556736,5.17048399503815
"315",0,867,24.9373885563442,127.244546072824,1030554.29756495,1465428.76315738,3173.14668709364,6.76503897678054
"316",0,891,23.1681770143055,121.812523251488,1039037.48726868,1551258.68985644,2822.17410124968,6.79234442747081
"317",0,1,24.2121407174625,104.627285483462,1093993.64577515,1536284.96171736,2533.25055901172,0
"318",0,7188,24.7783530099051,118.713643755232,1064446.90381074,1512258.78330509,2941.52857205925,8.88016824790345
"319",0,4,23.5363330841064,110.542789929483,1079500.57200812,1571515.51943799,2601.77192382672,1.38629436111989
"320",0,830,23.0405123574393,127.643464224679,1013945.1737378,1536008.16310096,2940.97081481508,6.72142570079064
"321",0,644,25.176066716512,124.100166320801,1079642.36853678,1489287.26044907,3124.35406682272,6.46769872610435
"322",1,2996,23.6769614012345,117.927991784137,1007457.59639243,1485190.03233122,2792.17650959812,8.00503334463711
"323",0,4414,23.7288995630601,100.688935672536,1156397.82840491,1565513.33197855,2389.23764168502,8.39253658681668
"324",2,531,24.69948387146,100.630664825439,1137786.71072483,1542997.20796163,2485.52548283023,6.27476202124194
"325",2,1945,24.4098777770996,88.390896320343,1108667.6549198,1539129.24638023,2157.61097578786,7.57301725605255
"326",1,5019,23.8522450129191,112.434569676717,1106726.75965646,1486688.89668385,2681.81690385118,8.52098598965493
"327",0,1687,24.0080458323161,111.004386901855,1111004.40845235,1487615.94141156,2664.99840832789,7.43070708254597
"328",0,6408,24.6360171391414,119.633409353403,1094504.07207685,1492202.39747596,2947.29072324435,8.7653024887482
"329",0,297,24.1101371765137,100.302299499512,1077365.2201987,1546908.60130464,2418.30220005299,5.6937321388027
"330",0,1038,23.105675485399,104.987399207221,1128307.92755694,1572313.1808023,2425.80477613809,6.94505106372583
"331",0,750,23.9113483428955,106.62434387207,1077166.84408441,1559650.58547664,2549.53182815775,6.62007320653036
"332",1,1679,24.9847750663757,115.563583374023,1096958.17876743,1515198.61877396,2887.33013646433,7.42595365707754
"333",0,457,23.0078112862327,134.754759355025,1005248.47287594,1528765.4109684,3100.41207316211,6.12468339089421
"334",0,1006,23.431709713406,92.6647042168511,1163181.27095206,1578095.25042736,2171.29244988789,6.91373735065968
"335",0,4001,24.9822519742526,125.527359008789,1034061.13063079,1456540.89528589,3135.95611242003,8.29429960885724
"336",3,7001,24.2846194300158,106.059293023471,1117400.00745973,1497282.74380124,2575.60956809153,8.8538082749772
"337",1,1884,24.6462168693542,89.2210025787354,1119694.37287484,1530035.94428296,2198.96017885673,7.54115245513631
"338",0,70,24.0108671188354,138.142913818359,1076418.40088262,1461436.1697315,3316.93114710136,4.24849524204936
"339",0,2777,23.466056060791,112.706223297119,1107549.23390829,1565968.77495261,2644.77055429023,7.9291264873068
"340",0,781,24.7418529803936,121.093755281889,1014282.2787192,1465843.91572512,2996.08389002825,6.66057514983969
"341",0,502,23.7971305847168,105.691923661665,1121410.44458176,1558166.5450067,2515.16450912657,6.21860011969173
"342",0,439,22.4092360529406,133.708053325785,1090735.88408349,1464309.88228189,2996.29532915668,6.08449941307517
"343",0,971,24.1718040963878,141.963840650476,1065036.6244563,1449823.4880025,3431.52214497411,6.87832646829133
"344",0,1100,24.1045697530111,132.781669616699,1089988.4209358,1479808.26991552,3200.645017197,7.00306545878646
"345",0,1132,23.2367644309998,115.276363372803,1013595.10394661,1508167.76999253,2678.64970015615,7.03174125876313
"346",0,788,24.0470413631863,104.652295430501,1099019.29531809,1545256.54674422,2516.57807696966,6.66949808985788
"347",0,1590,24.4576222101847,94.0244979858398,1130639.6739959,1523556.87274887,2299.61565023995,7.37148929521428
"348",0,1100,24.4188466072083,97.521312713623,1141000.07061656,1548726.15417535,2381.35797608755,7.00306545878646
"349",0,549,23.0401732704856,134.467713789506,1028693.7053599,1564102.6536586,3098.1594249963,6.30809844150953
"350",0,104,25.279317855835,121.625831604004,1076824.18608447,1503024.92161915,3074.61805659787,4.64439089914137
"351",0,3232,25.0090437340923,131.197211434717,1067955.43352289,1500208.42823235,3281.11679856179,8.08085641964099
"352",1,5656,24.88694190979,133.710083007812,1070462.1715907,1507449.00318428,3327.63506856863,8.64047220757641
"353",3,4653,25.1791377067566,121.084853172302,1087289.15193444,1506375.29676899,3048.8121922278,8.44526745184465
"354",0,1124,25.3201165745287,122.977958964176,1078501.38032448,1504190.63729106,3113.81625707054,7.02464903045364
"355",0,4903,25.2570740521587,123.474222102704,1075781.58864952,1501868.58933638,3118.59757118069,8.49760254165123
"356",0,4927,25.1996452439412,128.888147238814,1076943.6596709,1507495.78193511,3247.93558656697,8.50248556254396
"357",1,10631,24.8442375183105,119.316732788086,1076277.12230399,1513995.44652992,2964.333249296,9.27152954028861
"358",0,6406,25.1766166687012,128.924611409505,1070336.09278535,1496796.85961012,3245.88552061837,8.7649903301691
"359",2,7919,25.1765734932639,123.480408408425,1082984.20286564,1498026.53587542,3108.81357727296,8.97702021421041
"360",2,7092,24.9231510162354,128.894416809082,1069501.90087772,1503972.49774781,3212.45501528234,8.8667226671941
"361",0,10465,25.3146595954895,116.18433380127,1062190.47890669,1489780.90103669,2941.16686050786,9.2557916348801
"362",1,7226,25.0787404438186,126.125823644182,1063095.11330518,1497309.34384405,3163.07679443529,8.88544091170758
"363",0,3181,25.1496505737305,118.485054016113,1086251.70847072,1512528.78399912,2979.85770671483,8.06495089174914
"364",2,7101,24.9424510955811,121.28570098877,1058487.51549464,1502283.82112762,3025.16266550565,8.86799089818209
"365",0,5057,24.9552798271179,114.292417526245,1052957.65545471,1495565.16301371,2852.19926148524,8.52852870107998
"366",1,6549,25.0930894215902,115.647725423177,1055132.93270922,1490267.97857266,2901.95871544729,8.78706764521805
"367",2,4239,24.4610939025879,112.821032714844,1072932.01065761,1520917.9360548,2759.72587542473,8.35208267135264
"368",0,8224,24.1995710226206,126.231691800631,929953.053692932,1515376.98663931,3054.75279103492,9.01481198769495
"369",0,47,23.1010115941366,135.494667053223,998818.474524035,1542035.25763785,3130.06387454017,3.85014760171006
"370",0,1387,24.025333404541,137.62483215332,933517.359775743,1509727.77851115,3306.48247722752,7.23489842031483
"371",0,7112,24.0680417280931,135.195262322059,938983.163457407,1511474.96851967,3253.88521500781,8.86953877719374
"372",0,504,24.1949920654297,119.379688262939,943932.425255577,1550994.52146866,2888.39061029529,6.22257626807137
"373",0,1,23.7580484813408,150.765675203687,958675.887771268,1528630.39806401,3581.89822081128,0
"374",0,24,23.867936706543,147.000762939453,961617.727273181,1535655.8510048,3508.60490565239,3.17805383034795
"375",0,2166,24.4362480981009,135.386094229562,920328.205506683,1501836.56351149,3308.32818762645,7.68063742756094
"376",0,356,24.3927550315857,126.939083099365,919164.459793838,1514700.40823449,3096.39395797692,5.87493073085203
"377",0,286,24.7224872589111,140.964865112305,908155.983295993,1506881.94252652,3485.00208169308,5.65599181081985
"378",0,959,23.9903604507446,121.601300811768,959844.579500835,1556492.61665278,2917.25903775373,6.86589107488344
"379",0,585,22.9138813018799,133.640760149275,977519.124204927,1518110.01231189,3062.22851515348,6.37161184723186
"380",0,224,23.4328616460164,139.223391215007,963050.068802255,1521864.18822496,3262.40246423047,5.41164605185504
"381",0,4606,22.8247743334089,130.146654401507,984163.017868923,1483516.47808945,2970.56801696255,8.43511508038063
"382",0,2467,23.1453589225302,140.362344858598,981860.1903777,1541949.90984241,3248.73685096021,7.81075811652936
"383",0,612,22.9266868591309,130.325866699219,991673.728238236,1497453.59942401,2987.94033545782,6.41673228251233
"384",0,239,23.1074924468994,138.1494140625,976266.792441557,1524700.07596179,3192.2865419928,5.47646355193151
"385",0,358,24.3680740356445,123.267398834229,933500.984221341,1539330.8091233,3003.7891009738,5.8805329864007
"386",0,58,24.780257553377,123.331342202421,903198.856421267,1499172.81684054,3056.18242417967,4.06044301054642
"387",0,1864,23.9259321313155,137.513931274414,947420.647198626,1534229.30509499,3290.14898678202,7.53047999524554
"388",0,3081,22.7563132047653,129.580853462219,978654.262627445,1501114.41941742,2948.78248672706,8.03300949859667
"389",1,2179,22.9271594683329,134.742521921794,971147.940312119,1477285.98895026,3089.26328726631,7.68662133494462
"390",0,373,24.1923732757568,125.38762179288,954872.575340919,1547775.44607945,3033.42415057277,5.92157841964382
"391",1,2104,23.3134212493896,144.784293212891,958783.101528378,1508939.27972674,3375.41721796727,7.6515955738576
"392",0,708,23.456143951416,132.017884063721,977945.495237381,1558905.70258617,3096.63049275998,6.56244409369372
"393",0,9,22.6054938726836,153.737387843678,963114.484795943,1491331.27568913,3475.30957890266,2.19722457733622
"394",0,576,23.8398615519206,133.938390096029,950842.293123762,1523400.63443276,3193.07267637645,6.35610766069589
"395",0,334,24.6633764902751,127.014498392741,912476.937795841,1498537.64693049,3132.60639358361,5.8111409929767
"396",0,5953,24.1740145683289,149.887583596366,942343.014516737,1485168.89690619,3623.38462947016,8.69165057315339
"397",0,30,23.1821088790894,143.171875,970108.543090305,1526527.83049643,3319.02599467337,3.40119738166216
